headline,clickbait
Should I Get Bings,1
Which TV Female Friend Group Do You Belong In,1
"The New ""Star Wars: The Force Awakens"" Trailer Is Here To Give You Chills",1
"This Vine Of New York On ""Celebrity Big Brother"" Is Fucking Perfect",1
A Couple Did A Stunning Photo Shoot With Their Baby After Learning She Had An Inoperable Brain Tumor,1
How To Flirt With Queer Girls Without Making A Total Fool Of Yourself,1
32 Cute Things To Distract From Your Awkward Thanksgiving,1
If Disney Princesses Were From Florida,1
What's A Quote Or Lyric That Best Describes Your Depression,1
"Natalie Dormer And Sam Claflin Play A Game To See How They'd Actually Last In ""The Hunger Games""",1
16 Perfect Responses To The Indian Patriarchy,1
"21 Times I Died During The ""Captain America: Civil War"" Teaser",1
17 Times Kourtney Kardashian Shut Down Her Own Family,1
Does Coffee Make You Poop,1
Who Is Your Celebrity Ex Based On Your Zodiac,1
17 Hairdresser Struggles Every Black Girl Knows To Be True,1
Are You More Walter White Or Heisenberg,1
The Most Canadian Groom Ever Left His Wedding To Plow Out His Guests In A Snow Storm,1
Here's One Really Weird Thing About Butterfree,1
15 Resolutions To Make Good On In 2016,1
What New Thing Should You Try In 2016,1
Zoo Animals Around The World Are Opening Their Christmas Presents Early,1
Tell Us About Yourself(ie): Erica Ash,1
9 Times I Cried,1
21 Vegetarian Dump Dinners For The Crock Pot,1
This Goat Has Been Bullying His Tiger Friend,1
"8 Fall Shows To Be Excited About, 10 To Give A Chance, And 6 To Avoid",1
"Another Round, Episode 25: Stop Telling Women To Smile",1
16 Signs You Are Too Stubborn To Live,1
This Country Singer Makes Music On His Game Boy In His Spare Time,1
When You Realize Every Guy Is Taken,1
"An Awesome Look At The Behind-The-Scenes Concept Art Of ""Aladdin""",1
"Sarah Jessica Parker Talks Being A Carrie, ""Hocus Pocus,"" And Her Love Of New York",1
Which Type Of Swearer Are You,1
A Dad Recorded All The Adorable Questions His Son Asked When Watching Star Wars For The First Time,1
"29 Impossibly Stylish Cat Gifts, In Order Of Awesomeness",1
13 Of The Most Glorious Made-Up Words From Literature,1
We Pranked A Bunch Of People By Dropping An iPhone In Front Of Them,1
23 Flaws Every Sneakerhead Has,1
We Know Your Zodiac Sign Based On Which Cat You Choose,1
"Grimes On Her New Album And The Heartbreaking Inspiration Behind ""Oblivion""",1
This Instagram Account Is Recreating 2015's Greatest Hits With Barbies,1
The 22 Best Adele Memes,1
17 Pictures Hot People Will Never Understand,1
How Badly Are You Taking The One Direction Hiatus,1
We Know What You Want For Christmas Based On Your Zodiac Sign,1
Guys Try Pinterest Leaf Hacks,1
22 Tips For Hiking With Kids That Every Parent Should Know,1
The Scariest Halloween Candy Taste Test,1
This Dog Begging For His Human's Forgiveness Is The Cutest Thing You'll See Today,1
Here's 100 Years Of Bollywood Cinema In Under Four Minutes,1
Ed Westwick Showed Up To An Emmys Party Looking Like The Chuck Bass Of Your Dreams,1
What Is Your Favorite Activity When Visiting Family,1
Take This Color Test To See How Far You'd Go For Love,1
Are You Brave Enough To Date A Werewolf,1
18 Things Everyone Who Hates PDA Will Understand,1
27 Things That Always Happen In The Office During Christmas,1
How Many Of These SpongeBob Faces Do You Recognize,1
Which Golden Globe Reaction Face Are You Based On Your Zodiac Sign,1
25 Reasons A Trip To Costa Rica Could Actually Change Your Life,1
Literally Just 46 Photos Of Scotland Looking Sexy As Hell,1
58 Things That Mildly Annoy Anyone Who Lives With Someone Messy,1
17 Places All Music Lovers Should Go In London,1
"Do You Know The Lyrics To ""Hotline Bling"" By Drake",1
Which Weasley Should Be Your Best Friend,1
29 Books Every '90s Kid Will Immediately Recognize,1
This Organisation Is Trying To Launch India's First Transgender Model Agency,1
Request Timeout,1
"Issa Rae's ""Insecure"" Is Coming To HBO At Long Last",1
"How Well Do You Know ""Pretty Little Liars""",1
You've Been Using Your Rice Cooker Wrong The Entire Time,1
No Actors Of Color Were Nominated For An Oscar This Year And People Are Pissed,1
This Guy Totally Nailed What A Modern Day Aladdin Would Look Like,1
18 Easy And Delicious One-Pan Breakfasts,1
We Tried Out Magic Wands And Here's What Happened,1
Charli XCX Looked Like A Space Dominatrix At The MTV EMAs,1
If The Avengers Looked Like They Originally Did In The Comics,1
13 Reasons Urinals Are The Worst Human Invention Of All Time,1
Will You Get A Free Car From Oprah Or A Free Tub Of Vaseline From Tyra,1
28 Of The Most Canadian Crimes Ever Committed,1
19 Beautiful Places In Scotland That Give People All The Feels,1
Here's How To Actually Get Rid Of Acne All Over Your Body,1
This 24-Year-Old Guy Got Drunk And Accidentally Booked An Insane Vacation,1
I Asked Guys If They Were Going To Buy Leona Lewis's Exclusive Grindr Album,1
24 Delicious Thanksgiving Desserts That Aren't Pie,1
Country Star Jason Aldean Wore Blackface On Halloween To Dress Up As Lil Wayne,1
17 Times College Literally Sucked The Life Out Of You,1
"The Hardest ""America's Next Top Model"" Quiz You'll Take Today",1
This Color Test Will Determine How You Like To Masturbate,1
42 Of The Most Romantic Lines From YA Literature,1
"This Reporter Responded To A Vulgar Comment With An Awesome ""Your Mama"" Joke",1
22 People Who Were Just Smooth AF,1
Are You Bart Or Lisa,1
Which Zodiac Sign Are You Most Compatible With,1
"How Well Do You Remember ""The Vampire Diaries"" Murder House Party",1
"How Well Do You Remember ""Sabrina, The Teenage Witch""",1
12 Signs You Grew Up In San Francisco,1
What You Say To Someone With Chronic Pain And What They Hear,1
23 Totally Amazing BodyCon Looks You'll Wanna Rock This Fall,1
There's An Amazing New Beauty Box Catering To Women Of Color,1
We Taught These Grandmas How To Do The Nae Nae And It Was Cute AF,1
17 Perfect Products For Embracing Your Inner Kanye,1
"Here's How To Draw A Hand, Maybe",1
Can You Identify These Movies Based On The Main Character's BFF,1
21 Tweets That Prove Your Brain Can Be A Real Dick Sometimes,1
Which Badass Lady Should Be Your Valentine Based On One Question,1
Anna Camp And Skylar Astin Are Engaged So Everything Is Finally Right In The World,1
People Are Pretending To Faint In Front Of Their Dogs To See How They React,1
Are These Smiths Lyrics Real Or Fake,1
Do You Have ESP,1
We Can Tell You Who You Should Date With Just Four Questions About Biryani,1
21 Tweets About Having Braces That Are Way Too Real,1
A Dad Surprised His Kids With His Military Homecoming By Dressing Up As A Gift From Their Elf,1
Be Honest: Would You Hit That,1
We Know What You Play In Your Private Sessions,1
18 Posts That Prove Coconut Oil Is The Answer To All Your Problems,1
19 Items Anyone Who Loves Burgers Needs To Own,1
20 Confessions From People Who Are Slightly Obsessed With Outer Space,1
21 Things All Vegetarian Couples Just Get,1
"Will Ferrell Is The New, Badass Santa",1
Mark Ruffalo Posted A Shirtless Pic Promoting Breast Cancer Awareness For Men,1
Nobody Likes Hand Jobs,1
Are You More Pinky Or The Brain,1
"No Additional Episodes Of ""Making A Murderer"" Have Been Made Yet",1
15 Times Priyanka Chopra Goddamn Owned 2015,1
25 Of The Best Tumblr Memes Of 2015,1
27 Pictures That Are Way Too Real If You Have A Four-Person Family,1
17 People Who Slayed The Eyeshadow Game,1
23 Things You Probably Shouldn't Say To Someone With Depression,1
Someone Illustrated Leslie Knope's Compliments And They're Pretty Damn Cool,1
People Don't Know Who David Bowie Is And We're Here To Clear That Up,1
Gay Drama Teacher Responds Perfectly After A Mother Pulls Her Kids From His Class,1
The 21 Best Server Memes On The Internet,1
Try And Guess What Chips These Were Before We Smashed Them,1
How Good At Spelling Are You Actually,1
Would You Be Friends With Blair Or Serena,1
For Anyone Too Tired To Go Out On The Weekend,1
What People Who Go To Therapy Want You To Know,1
"Here's A Photo Of Buff John Krasinski In ""13 Hours"" And It's Hard To Handle",1
What Obscure Thing Should You Make Sexy For Halloween,1
18 Very Sweary British Words You Need To Use Right Now,1
14 Rare Photos Of Albert Einstein That You've Probably Never Seen Before,1
"12 Reasons Kendrick Sampson From ""HTGAWM"" Is The Ultimate Bae",1
11 Struggles Women Understand Too Well,1
"Mumbai Is Sending Powerful Messages Of Love, Support, And Solidarity For Paris",1
17 Thoughts We All Had While Stalking Our Exes On Facebook,1
"I'm An Immigrant, But I'm Not",1
This Guy's Cheese Vine Perfectly Sums Up How Silly The Daily Mail Is,1
We Reenacted What Kids Said About Black Leaders And It's Amazing,1
10 Movies With A Shit-Ton Of Lesbian Subtext,1
17 Books That Perfectly Capture The Immigrant Experience,1
Beans Memes Is The Only Twitter Account That Actually Matters,1
13 Confessions About Masturbation That'll Make You Go WTF,1
"The Secondary Characters Of ""Friends,"" Then Vs. Now",1
Do You Belong In London Or San Francisco,1
24 Potato Recipes That Should Be Illegal,1
11 Charts And Graphs Every James Bond Fan Will Get,1
"How Well Do You Know Season One Of ""Buffy""",1
Only True New Jerseyans Will Ace This Quiz,1
These DIY Oreo Churros Are Next-Level Glorious,1
19 Gifts Every Classical Music Nerd Will Love,1
24 Hilarious Tweets Every Book Lover Will Appreciate,1
Which Christmas Movie Should You Watch Right Now,1
"How Well Do You Remember Season 5 Of ""The Walking Dead""",1
15 Times The Try Guys Went A Little Too Far In 2015,1
25 Things You Should Never Say To Someone With Big Boobs,1
"If ""Netflix And Chill"" Were Honest",1
"This Wounded Veteran's Service Dog Was His Best Man, And It'll Make You Bawl",1
"These Youth Football Players Quit Their Game To Do The ""Whip/Nae Nae""",1
Here's How To Make The Only Birthday Cake You'll Ever Need,1
These BFFs Are Slaying Internet Fashion,1
"Dear World, A Word Of Advice From India: Your Butts Are Dirty",1
Would You Pass Environmental Science Now,1
25 Things You'll Only Get If You're Obsessed With Baths,1
Amber Rose Had A Lot To Say About Kanye After Their Twitter War,1
"23 Important Life Lessons ""The Hunger Games"" Have Taught Us",1
15 Game-Changing Eyeliner Charts If You Suck At Makeup,1
17 Beauty Hacks You Should Try In 2016,1
17 Things Only Women Who Aren't That Into Makeup Will Understand,1
15 Hits From 1996 That'll Make You Feel Old AF,1
24 Pictures That Show 2016 Is Off To A Terrible Start,1
What's The Most Beautiful College Campus In The World,1
8 Urban Dictionary Definitions You Need To Know,1
Here's Everything You Need To Know About Renters Insurance,1
Adele Said A Mic Dropped In The Piano And That's Why Her Grammy Performance Was Off,1
31 Celebrity Babies We Said Hello To In 2015,1
19 Silly Assumptions About Singles In Their Thirties,1
The Food At Electric Picnic This Year Looks Amazing,1
"If ""Dragon Ball Z"" Characters Had Realistic Proportions",1
15 Ridiculously Awkward Sex Questions Parents Have Actually Asked Their Kids,1
16 Times Costco Failed So Hard It Almost Won,1
Which X-Men Character Are You Based On Your Zodiac Sign,1
13 Things All Slytherins Will Need In 2016,1
12 People Who Are Going To Have A Really Hard Time Doing Their Job In That Costume,1
We Need To Acknowledge That Niall Is The Most Underrated Member Of One Direction,1
We Know How Many Times You Masturbated Last Week,1
Are You More Nick Or Joe Jonas,1
What Being A Straight Woman On Tinder Has Taught Me,1
You'll Be In Tears After Hearing Josh Groban And Kelly Clarkson Duet,1
17 Easy Slow Cooker Soups That Will Warm You Right Up,1
21 Desserts That Prove Bourbon Makes Everything Better,1
23 Times Liz Lemon Spoke The Goddamn Truth,1
If Wedding Magazines Were More Realistic,1
Oscar Nominee Brie Larson Had The Most 2000s Music Career Of All Time,1
Explaining Rap Lyrics Will Get You Fired As An Election Candidate In Canada,1
15 Ooey Gooey Snacks That Take Cheese To The Next Level,1
Which Oscar Winner Are You Based On Your Zodiac Sign,1
Adele Is Currently Experiencing What She Put All Of Us Through For The Last Four Years,1
16 Things You See When You Go To Tim Hortons At 6 A.M,1
15 Weird Things You Never Knew There Were Words For,1
17 Instagram Photos Every Short Girl Can Relate To,1
17 Delicious Winter Smoothies That Will Jump Start Your Mornings,1
"Which ""Breaking Bad"" Character Said These Famous Last Words",1
21 Weird Punishments People Actually Got When They Were Kids,1
"Jamie And Claire Are Looking Damn Good In ""Outlander"" Season 2",1
Literally A Bunch Of Fucked Up Memes About Caillou (That Are Great),1
Are You More Tinker Bell Or Belle,1
"Rihanna And Drake Are So Cute In The ""Work"" Video It Hurts",1
"Ryan Phillippe Comes For Amy Schumer In This Deleted ""Trainwreck"" Scene",1
Matthew McConaughey Has Reached Peak Hot Dad Mode,1
13 Animal Masturbation Facts That Will Make You Feel Better About Being Single AF,1
This Moment Between A Starbucks Barista And A Deaf Customer Is Going Viral,1
7 Insanely Delicious Ways To Eat Leftover Halloween Candy,1
Here's What It's Like When You Physically Can't Pierce Your Ears,1
"Adam Woodyatt Is Upset A #HowsAdam Moment Didn't Happen During The ""Corrie"" Live Episode",1
What Should You Watch On Netflix This October,1
7 Really Delicious Dinners For The Week,1
What Would A Disney Movie Of Your Life Be Like,1
"Which ""The Lego Movie"" Character Are You",1
"Do You Remember The Lyrics To ""Naked Mole Rap"" From ""Kim Possible""",1
What Percent Vegan Are You,1
"The New Trailer For ""Orange Is The New Black"" Looks Seriously Intense",1
Which Perpetually Miserable Disney Character Are You Really,1
6 Easy Holiday Gifts You Can Give Everyone In Your Squad,1
Here's How To Make A Floral Dog Leash For A Winter Wedding,1
This Is Why You Don't Fuck With A Crocodile,1
"The New Trailer For ""The Secret Life Of Pets"" Is Here And It's Adorable",1
"Here's A Mindblowing ""Harry Potter"" Fan Theory About The Avada Kedavra Curse",1
Black Friday Is Your Chance To Get The Naked Palettes On Sale,1
This Korean Pop Star Can't Stop Falling On Stage During Her Performance,1
This Film About Pixar's Tributes To Classic Cinema Is Brilliant,1
31 Two-Person Costumes Guaranteed To Up Your Halloween Game,1
21 Struggles Everyone Who Has Done A Dissertation Will Understand,1
"Rory Williams Has Pretty Much Graduated From Companion To Doctor On ""Legends Of Tomorrow""",1
Every Girl Who Has Tried A Makeup Tutorial Will Recognize These Struggles,1
25 Times Hipster Britain Went Too Damn Far,1
"What Percentage Kardashian Are You, Based On 3 Questions",1
Do Bangs Make These Celebrities More Bangable,1
I JUST POOPED MY PANTS,1
Here's How To Not Get Sick When You're Traveling,1
"The Cast Of ""Parks And Rec"" In Their First Episode Vs. Their Last Episode",1
Do You Actually Prefer Chris Pratt Or Chris Hemsworth,1
We Need To Talk About American Thanksgiving,1
19 Pictures That Are Way Too Real During Finals,1
Do You Actually Know How Much Alcohol You're Drinking,1
Behold The Most Terrifying Mascot To Ever Exist,1
25 Fans Who Are More Genius Than The Players,1
"Which ""White Chick"" Are You",1
What Your Favorite Pop Divas Looked Like In 2006 Vs. Now,1
Kanye West And Wiz Khalifa Are Officially Drama Free,1
The 20 Worst Times To Make Eye Contact,1
27 Last-Minute Stocking Stuffers For Every Fandom,1
Do You Remember When People Thought Green M&M's Made You Horny,1
Every Piece Of Evidence That Proves Anna Faris And Chris Pratt Have The Cutest Family In Existence,1
Which Male Actor Should You Get For Christmas Based On The First Letter Of Your Name,1
"Michael B. Jordan Got Laid The Fuck Out While Filming ""Creed""",1
"Do You Remember The Lyrics To ""Last Friday Night"" By Katy Perry",1
These People Tried To Figure Out Where Max And Ruby's Parents Are,1
What Does Your Favorite Classic Video Game Mascot Say About You,1
Should You Get An Oscar Or Leonardo DiCaprio,1
33 Things Russia Does Differently Than Everywhere Else On Earth,1
16 Nostalgic Video Game Mashups That'll Have You Grooving,1
The Year 2015 In Charts,1
17 Life-Changing Ways To Eat PB&J,1
Rachel Bilson And Kristen Bell Are Your New Mom-Friend Goals,1
These Could Be The Coolest Baby Names In 2016,1
Questions Gay People Have For Bisexual People,1
Ask An Expert: What Is Mindfulness And Why Should You Try It,1
Here's What Beauty Ads Would Look Like If They Only Used The Advertised Product,1
21 Products For People Who Are Completely Obsessed With Poodles,1
Kathy Griffin And Kristin Chenoweth Talk About Their Worst Heckler Stories,1
Which Of The Pope's Hot Tracks Will Be Your Fall Anthem,1
"We Know Which ""Walking Dead"" Character You Are Based On Your Zodiac",1
This Is The Hardest '90s Alt Rock Music Video Quiz You'll Ever Take,1
24 Healthy On-The-Go Breakfast Ideas,1
"These 24 Moments From ""Pride & Prejudice"" Will Make Your Heart Melt",1
"Can You Identify A Show By Looking At An Old ""TV Guide"" Cover",1
What Item Should You Splurge On,1
What Ghost Movies Are Required Watching For Horror Fans,1
15 Ways We Can All Relate To Squidward Tentacles In The Winter,1
15 Gorgeous London-Inspired Tattoos You'll Absolutely Love,1
This Indian Dancer Had Sex Reassignment Surgery To Live With Her Boyfriend From Pakistan,1
"Who Said It: The ""Bob's Burgers"" Edition",1
Can You Tell Who These Model's Famous Parents Are,1
This Crying Koala Is The Cutest Thing You'll See Today,1
Cam Newton's Pants Aren't Even The Worst Thing In This Picture,1
McDonald's: 1955 Vs. Now,1
14 People Revolutionising India's Fight For LGBT Rights,1
Men Get Transformed Into Disney Princesses,1
How Hip Were You In 2015,1
31 Things That Didn't Look At All Like Penises In 2015,1
Taylor Swift's New Video Has Loads Of Callbacks To Harry Styles,1
We Know Your Relationship Status Based On Who You Don't Follow On Instagram,1
18 Truths For People Who Love Wine,1
"If You Thought Your Hotel Safe Was Secure, Think Again",1
27 Products For People Who Are Completely Obsessed With Pizza,1
"The Cast Of ""Gilmore Girls"" In Their First Episode, Last Episode, And Now",1
Jennifer Lawrence Surprised Amy Schumer With The Best Gift For Her Emmy Win,1
Two Rats Fought Over A Slice A Pizza In New York City Because Why Not,1
Take A Deep Dive Into This Disgustingly Adorable Relationship,1
Here's What Celebrities Have Been Saying About #OscarsSoWhite,1
21 People Who Took Passive-Aggressive To A New Level In 2015,1
11 Things People With Anxiety Want You To Know,1
17 Photos That Prove Snoop Dogg Has The Greatest Hair Of All Time,1
11 Times The MythBusters Took Their Job A Bit Too Far,1
31 Brilliant Ways To Dress Up A Pound Of Chicken,1
Images Of How HIV Affects Lives Around the World,1
"Here's What It Looked Like Behind The Scenes Of ""Fuller House""",1
17 Secrets We Want To Tell Our Exes,1
"How Well Do You Remember ""Scream 2""",1
If The Muppet Babies Grew Up And Went To Your High School,1
"In Memoriam: Shia LaBeouf's Beautiful, Gorgeous Rattail",1
17 Ways To Make Your Shower The Best Place On Earth,1
"12 Burning Questions ""Fuller House"" Needs To Answer ASAP",1
Cheap Vs. Expensive Tequila Taste Test,1
The 15 Best Accidental Butts Of 2015,1
Selena Gomez Reveals She Underwent Chemotherapy When People Thought She Was In Rehab,1
This Is The Most Rigged Crane Game You'll Ever See,1
Meghan Trainor And Ariana Grande Teamed Up On A New Song,1
Celebrity Halloween Costumes: 2015 Edition,1
Do You Remember Which Disney Star Sang These Lyrics,1
These Four Questions Will Decide If You Should Tell Your Crush How You Feel,1
Can We Guess How Big Your Boobs Are,1
Donald Trump With A Man Bun Will Haunt You To The Grave,1
Airplane Food In Economy Vs. First Class On 20 Airlines,1
11 Things Gingers Really Want Non-Gingers To Know,1
"Don't Watch ""Rent"" As An Adult Or You'll Realize How Annoying It Is",1
Which Best Picture Winner Should You Watch Based On Your Emoji Preference,1
"Everything You Need To Know About The Upcoming Season Of ""The Outs""",1
18 Problems Only People Who Are Always Cold Understand,1
What Type Of Person Should You Marry Based On Your Food Preferences,1
"The Cast Of ""Hamilton"" Next To Their Real-Life Historical Characters",1
How Lazy Are You Being Today,1
The Evolution Of Michael Clifford's Hair,1
Should You Stay Home From School,1
21 Pictures That Won't Make Sense To Non-Cat People,1
Do You Trust Your Friends,1
"25 Times ""It's Always Sunny"" Made You Laugh Uncontrollably",1
19 Fluffy Puppies Who Might Actually Be Bears,1
19 Times It's OK To Hit The Panic Button,1
When You Love Your Bed More Than People,1
This Is What Household Ingredients Actually Do For Your Skin,1
95 Thoughts Everyone Has When They Are Stoned AF,1
"How Well Do You Remember The Lyrics To ""School Of Rock""",1
24 Vintage Pictures Of Paris Life In The 1920s,1
21 Times Taylor Swift Totally Understood That Cat Lady Life Is The Best Life,1
"Which ""AHS: Hotel"" Character Are You Based On Your Zodiac Sign",1
What Will Your Next Boyfriend Be Like,1
This Is The Worst Version Of Your Favourite Mariah Carey Song,1
Caitlyn Jenner On The Moment She Felt Most Proud To Be A Woman In 2015,1
A Sea Otter Learned How To Use An Inhaler After She Got Asthma,1
27 Reasons Why Paris Is The Capital Of The World,1
15 Useful Things For People Who Never Remember Their Shit,1
"The Mumbai Police Has Identified Various Potentially Dangerous Places As ""No Selfie Zones""",1
"7 Essays To Read: Getting Ghosted, No Sex 'Til Marriage, And Sexist Books",1
What Percent Awkward Are You Based On Your Zodiac Sign,1
"Robert Pattinson Thought His ""Twilight"" Character Was ""Suicidally Depressed""",1
The 19 Most Important Things That Happened At The 2016 Golden Globe Awards,1
Can You Tell If This Is Chris Or Liam Hemsworth,1
32 Ridiculously Clever Group Halloween Costumes,1
18 Iconic Kim Kardashian Tweets That Are Only 4 Words,1
"25 Hearty Soups, Stews, And Chilis That'll Fill You Up And Keep You Warm",1
This Story Of David Bowie Blasting MTV For Not Playing Black Artists Is Going Viral,1
14 Celebrity Names You ALWAYS Have To Google,1
Taylor Swift Has Disappeared Off The Face Of The Earth And We're Worried,1
Loaded Cheese Stuffed Mashed Potato Balls,1
"Which ""Neon Genesis Evangelion"" Character Are You",1
17 Things Girls Love To Do With Their Boobs,1
16 Words That Mean Something Completely Different At Target,1
21 Fearful Confessions From People Entering New Relationships,1
Can We Guess Which Kardashian/Jenner Sister Is Your Favorite Based On Three Questions,1
Tell Us Your Zodiac Sign And We'll Guess When You Went To Bed Last Night,1
If Chanel Oberlin Quotes Were Motivational Posters,1
What's The Craziest Experience You've Ever Had With A Vibrator,1
Kids From New York And Kids From Los Angeles Go In On Which City Is Better,1
21 Insanely Colorful Meals That Are Healthy AF,1
21 Surprising Confessions From People Who Got Back With Their Exes,1
23 Hot AF Male Models That Will Sexually Awaken You,1
Here's The Right Kind Of Lube For Every Kind Of Sex,1
"Even Kim Kardashian Wishes The Kanye ""Rolling Stone"" Cover Was Real",1
The 15 Most Blasphemous Things Ever Said On Twitter,1
A Gorilla Looked On As A Guy Went Through Pics On His Phone,1
8 Ways Getting A Cat Totally Wrecks Your Life,1
These Photos Of Drake Are So Hot You'll Have To Go To The Emergency Room,1
You Can Make Dinner For A Week With $25,1
The 23 Most Terrifying Things Justin Bieber Fans Have Done,1
I'm Asexual But I'm Not,1
Cemitas Are Mexico's Most Delicious Dish And You Should Try It,1
A New Round of Worries Pushes Shares Lower,0
U.A.W. Members Easily Ratify G.M. Concessions,0
Dibaba’s comeback: Long-distance track star wins her first World Championship title since 2007,0
Seniors Help Michigan St. Maintain Course,0
Protests Flare in Tehran as Opposition Disputes Vote,0
Prodi wins vote of confidence,0
Bouncer stabbed to death in Atlantic City brawl,0
Hedge Fund Executive to be Borders Chairman,0
"January tornadoes, severe weather in southern, midwestern US cause fatalities",0
All States Beat a Deadline on Transportation Spending,0
Steve Jobs denies 'location-gate',0
Indian flooding displaces thousands,0
Cycling Enters Electronic Age With Gear-Shifting System,0
G.M. Tries a New Tack to Win Government Aid,0
Phelps Retains Mazda Sponsorship After Apology to Chinese,0
Resentments in Sri Lanka Reflect Challenges to Peace,0
Greenland assumes self rule Sunday,0
WHO declares global swine flu pandemic,0
Yahoo Teams With Newspapers to Sell Ads,0
"Olympic condoms auctioned: ""faster, higher, stronger""",0
Worldwide markets fall precipitously,0
Wikinews interviews Australian Statistician Brian Pink,0
"A Hall of Fame Linebacker Turns 50, Pondering Life Lessons and Dance Lessons",0
"Caged children well fed, behaved",0
IOC posthumously awards its highest honor to late Vancouver Organizing Committee Chair,0
Pakistan's coalition government faces split,0
Black and Blue Belles win in Canberra Roller Derby League blowout,0
Zimbabwe Opposition Figure to Be Tried for Terrorism,0
Bonus Cuts Hurting More Than Top Wall Streeters,0
Fake Jackson suicide email hides virus,0
"Ex-President of South Korea, Roh, Dies in Hiking Fall",0
Czech Police Expel Ex-Leader of Klan,0
"People from Pichilemu, Chile leave La Cruz Hill",0
"Ireland's Occupy Dame Street, Occupy Waterford camps cleared",0
The Charm and Silliness of Round 1,0
Australian Jesse Williams drafted in fifth round by the NFL's Seattle Seahawks,0
MDC pulls out of Zimbabwe elections,0
French Open: Stosur and Schiavone to compete in women's final Nadal to meet Soderling in men's final,0
Space Shuttle Discovery lands in Florida,0
First Trojan horse to affect handheld gaming console found,0
U.S. jobs picture not improving,0
New York City Mayor Michael Bloomberg spent US$108 million on third term bid,0
UN offices in Pakistan hit by suicide bomber,0
Former Indian PM Narasimha Rao passes away,0
Bali Nine refused access to federal police files,0
"With Goals Again Scarce, Rangers Hold On Against Islanders",0
Liberal Democrat Party pauses to welcome Donald James Kennedy,0
Katrina conspiracy meteorologist quits Idaho TV News,0
Anti-Love Drug May Be Ticket to Bliss,0
"France, Italy, UK sending military advisers to Libya photojournalists killed in Misrata",0
Bill to Ease Rules on Development Divides Floridians,0
Mother of Waco Sect Leader Is Fatally Stabbed,0
Vermont legalizes same-sex marriage,0
New Zealand Labour party spending in question,0
US voters go to the polls,0
Quaker website editor launches music podcast programme,0
US combat forces pull out of Iraq,0
Copy of handbook for leaders of the Church of Jesus Christ of Latter-day Saints obtained by Wikinews,0
Venture capital investment in Ireland soars by 35%,0
Israeli navy fires on Gazan fishing vessels,0
Wikinews interviews author and filmmaker John Gaspard,0
"Behind Pettitte, Weary Yankees Beat Rookie Sean West",0
Tropical Storm Andres is designated,0
"Tested Early by North Korea, Obama Has Few Options",0
U.S. budget crisis will cause personal budget crisis for U.S. troops,0
Suicide car bomb attack in Baghdad,0
"Missing boy from Glynn County, Georgia found dead",0
U.S. Joins Rights Panel After a Vote at the U.N.,0
G8 members release statement on Zimbabwe,0
Thaksin still pervades Thai political landscape,0
Crown Princess Mary of Denmark gives birth to male child,0
"Tropical storm Richard nears hurricane strength, soaks Honduras",0
Charter Communications Files for Reorganization,0
Judge to decide on Nigerian election re-run,0
Obama Announces Strategy Against Cyberattacks,0
Lewis Hamilton wins 2007 Hungarian Grand Prix,0
"Over 60 dead in Kenya cholera outbreak, state issues alert",0
"American ""Chicken for sex"" meat salesman is charged with assault",0
Unexploded WW2 Bomb discovered at Schiphol Airport,0
Opera singer Pavarotti in serious condition,0
"Coca growth up in Bolivia, Peru, claims U.S. State Department",0
"Shooting at school leaves one dead in Tennessee, United States",0
Chrysler and Union Agree to Deal Before Federal Deadline,0
Bristol campaigners: words by council are 'weasel words',0
Critic of High C.E.O. Pay Is Vindicated,0
"Canadian jail inmates used nail clippers to escape, report finds",0
Abducted German family freed in Yemen,0
Lebanon car bombings kill dozens outside mosques,0
Wagoner to Get $8.5 Million in Executive Retirement Pay,0
Indiana tornado kills at least 19,0
Seven policemen killed in Afghanistan after bomb explosion,0
Mexican helicopter crash leaves soldier dead,0
Japan suggests dumping Fukushima waste at sea as radiation hits lethal levels,0
First quantum byte created,0
"Riveting N.H.L. Playoff Series, and More to Come",0
North Korea destroys nuclear cooling tower,0
Fishermen find body of child killed by Chile tsunami in Pichilemu,0
Opposition motions in Australian House of Representatives attempts to bring Government to account on last sitting day of year,0
South Koreans Mourn a Former President and Rebuke the Current One,0
Mexican president defends emigration,0
Free Internet-Calling Services for Cellphones,0
Court Issues Order Against 3 Car-Warranty Calling Firms,0
'Gangnam Style' becomes most watched YouTube video ever,0
"Police in Bathurst, NSW assaulted with ""sex toy""",0
Rebels Raid Sri Lankan Capital,0
China Protests Moving of Detainees,0
Russia wins Junior Eurovision Song Contest 2006,0
Investors Find an Appetite for Tech Offerings,0
"Car bomb in Ciudad Juárez, Mexico kills several, many injured",0
South Thailand insurgents blamed for five bombs,0
"As Saks Posts a Loss, Its Chief Offers a Plan",0
Another Unlikely Star Powers the Makeshift Mets,0
Macy's flagship store in New York evacuated due to fire,0
Pipe Made in India Incenses an Illinois Steel Town,0
Shocked and Grieving Gazans Find Bodies Under the Rubble of Homes,0
Women Sentenced in Trials That Gripped France,0
Scottish nurse loses appeal in murders of four patients in England,0
Engine failure may have been factor in Amsterdam plane crash,0
Obama raises $35M re-election funds from 244 campaign 'bundlers' since April,0
Toxic Asset Plan Foresees Big Subsidies for Investors,0
Sixteen killed in Pakistan after suicide bombings,0
Israeli airstrikes damage more offices housing international journalists in Gaza City,0
"Aside from Semicon Taiwan 2007 - An attraction of ""exiderdome"" by Siemens",0
Profit Rises but Johnson & Johnson Expects a Weak Year,0
Many horses in Sweden lack passport,0
"At Wal-Mart, Labels to Reflect Green Intent",0
Gay Marriage in Vermont Faces Veto by Governor,0
Kennedy Center names 2007 honors recipients,0
Microsoft drops bid for Yahoo,0
NYC transit strike looming,0
Islanders Play Coy After Getting No. 1 Pick,0
Revisiting the Novice Who Wrote a Golfing Bible,0
S.E.C. Choice Is Sued Over a Merger of Regulators,0
"Governor Jindal, Rising G.O.P. Star, Plummets After Speech",0
Music Companies Agree to Settle Piracy Suit,0
EMC Profit Down 45% in Quarter,0
Canadian energy company offers reward for info on pipeline bombings,0
Thirteen dead after ethnic clashes in Nigeria,0
Online purchases boom in Romania,0
Bush v. Gore Foes Join to Fight Gay Marriage Ban,0
25 killed and 33 injured as explosion rips through Chinese karaoke bar,0
"Washington Metro collision kills nine, injures many",0
"Financial Safety Net of Nonprofit Organizations Is Fraying, Survey Finds",0
"Giant tuna sold for $177,000 at Japanese fish market",0
"At UConn, Men and Women On Track to Twin Titles",0
Israeli forensic institute illegally harvested organs in the '90s,0
Bolivia's new president-elect brands Bush 'the only terrorist',0
India-China border talks resume,0
Latvian government takes majority stake in Parex Bank,0
Newspapers No Longer Dominate Journalism Fellowships,0
Scottish Criminal Cases Review Commission to review Pan Am Flight 103 conviction,0
Justice Dept. Investigates Markit Over Derivatives,0
"Easter Gifts, Multiplying on the Loose",0
"Persons from Punta Arenas, Chile on strike after government announcement to increase gas prices",0
Karzai retains lead in Afghan presidential elections,0
E.W. Scripps Reports a Loss and Will Cut Salaries,0
Pakistan to Turkey container train service launched,0
"According to UN report, bribes cost Afghans US$2.5 billion per year",0
5.1 earthquake hits north of Tokyo,0
Afghan president Karzai widens lead in early voting count,0
Palestinian president pleads with UN Security Council for help in Gaza,0
Senator Ted Kennedy dies at age 77,0
FDA issues proposed rules requiring calorie content on menus,0
"In Iran, Journalism Makes Use of Unverified News",0
Osama bin Laden to release message to US on six year anniversary of 9/11,0
"Man dies after being hit by train in Moray, Scotland",0
"4-year-old boy killed by dog in Liverpool, England",0
NATO to expand Afghanistan presence,0
Guard rail kills ten in Malaysian bus crash,0
2008 Tour de Taiwan Stage 7: Kam-po Wong places first for the second time,0
Journalist freed from Baghdad captors,0
Google and Yahoo remain on the top of the U.S. web search market,0
"The Start of a Crisis, Through the Lens of Avis",0
China Tightens Security in Tibet,0
Dominique Gisin Edges Lindsey Vonn to Win Downhill,0
"Memphis Mayor, in 5th Term, Resigning to Run for Congress",0
"Prisoner abuse, serious corruption may have occurred in Turks and Caicos Islands",0
Cuban tobacco grower Alejandro Robaina dies at age 91,0
Technical troubles hold up International Space Station repairs,0
American Executive Fired in China Bribery Case,0
Budget Passes but Critics Say the Deficit Is in the Details,0
Environmentalists in a Clash of Goals,0
Australian Government to introduce IR reforms next week,0
Hurricane Dean is upgraded to a Category 2 storm,0
Spurs Acquire Jefferson From Bucks for 3 Players,0
"State of emergency declared in Kingston, Jamaica",0
Security Council recommends Ban Ki-moon for UN Secretary-General,0
New Yankee Stadium Has Room to Breathe and Room to Spend,0
Purdue Finally Advances Past North Carolina,0
A Big Wall Falls in China to Make Room for Mickey,0
"Riot at Sydney, Australia's Villawood Detention Centre continues",0
Villanova Avoids an Upset by American,0
Palestinians Stop Paying Israeli Hospitals for Gaza and West Bank Patients,0
Boston Celtics win 17th NBA championship,0
"Murray Wins on Grass, Taking One Small Step for Britain",0
"Children of smokers more likely to go hungry, according to study",0
"Troops Arrest an Awakening Council Leader in Iraq, Setting Off Fighting",0
Conservative Party launches manifesto,0
US court jails second man for Revolution Muslim web postings,0
11-year-old boy dies after being shot in Liverpool,0
Defense and No Apologies From Author of Fiscal Bill,0
"Sometimes, a Political Position Is Just About Wanting a Cigar",0
Hurricane Vince on track for Europe,0
GigaPan Automates the Panoramic Picture,0
Dead body left in UK hospital alongside living patients for seven hours,0
"Camp Casey moves to safer land, as Mother's protest continues",0
"Wal-Mart owes back taxes, according to State of Wisconsin",0
The Finnish Social Democrats elect a new leader,0
Lashkar-e-Toiba implicated in Mumbai attacks,0
Italian petrol prices rocket to a record EUR 1.30 per litre,0
Balancing Financial Innovation and Consumer Protection,0
US investigators probe close call on North Carolina runway,0
Niger’s ruling party wins majority in parliament after elections,0
CanadaVOTES: Liberal incumbent Susan Kadis running in Thornhill,0
San Francisco mother of 12-year-old boy who was mauled to death charged with child endangerment,0
Some Gaza Strip students to go without textbooks,0
Carbon Offsets: A Small Price to Pay for Efficiency,0
"Many still believe myths associated with cancer, reports American Cancer Society study",0
Cigna to Stop Using Flawed Insurance Database,0
G.O.P. Debate: A Broader Party or a Purer One?,0
Cyprus detains weapon-laden ship,0
Kofi Annan appeals for cooperation and leadership from USA,0
"Australian government to review censorship of ""hate material""",0
Runways 'destroyed' at Libya’s Benina International Airport,0
Australian Van Nguyen executed in Singapore,0
Error hits Greenpeace donations,0
Fired Colorado Professor Is Cross-Examined in Lawsuit,0
Massachusetts governor Mitt Romney not seeking second term,0
Report indicates Texas state parks still suffering following worst drought on record,0
Seismic Readings Point to a Small Nuclear Test,0
VW Cancels Meeting on Porsche Merger,0
4 English Clubs Advance to Champions League Quarterfinals,0
Idaho Courier Survives Postal Cost-Cutting,0
Aunt hires prostitutes for 12-year-old nephew,0
Detroit Crime Cases to Require Retesting,0
Ousted Honduran president Zelaya says coup talks suspended,0
Loss Shrinks at E*Trade Financial,0
Second Claim of Paternity for President of Paraguay,0
Western Sahara campaigner still blocked from returning home by Moroccan authorities on twentieth day of hunger strike,0
"Wikinews interviews Gene Amondson, Prohibition Party presidential nominee",0
Booming iPhone Sales Slow Profit Decline for AT&T,0
"Lose My Luggage if You Must, but Not My Wheels",0
Greek film director Yannis Dalianides dies at age 87,0
"ADP says US economy lost 742,000 jobs in March",0
Taking the Wheel as Toyota Skids,0
Release of 'Verizon iPhone' set for early February,0
More than a dozen reported dead after Syrian protests,0
Hanoi hosts 2007 International Mathematical Olympiad,0
Anna Nicole Smith dies,0
Self-Ruled Region Remains Wary of Russian Backers,0
G8 finance ministers agree on deal to relieve debts of 18 poorest nations,0
Historical Photos in Web Archives Gain New Lives,0
Rebels say 626 Ethiopian troops killed in clashes,0
Dow Jones Industrial Average closes at lowest level in six years,0
"Duke and Virginia Advance, Completing Final Four Field",0
How Three Mutual Funds Steered Away From the Cliff,0
Reports: Parents of missing girl Madeleine McCann are suspects in her disappearance,0
Big Order Lifts Outlook at Airbus,0
"Indian Ocean tsunami, one year after",0
Arms Given by U.S. to Afghan Forces May Be Leaking to Taliban,0
Palestinian poet Mahmoud Darwish dies at age 67,0
Ocean Combed for Jet Data in Biggest Aviation Search,0
Brittany Ray Scores 26 as Rutgers Beats Notre Dame,0
"Tom Watson, 59, Is One Shot Back at the British Open",0
Wallace and Gromit sets destroyed by fire,0
The Four Tops,0
Baseball Homecomings for Ken Griffey Jr. and Jason Giambi,0
"Canadian foreign affairs minister accused to have called Liberal MP a ""dog""",0
Viewed wins the 2008 Melbourne Cup,0
Toshiba Transatlantic Challenge - success,0
Saddam Hussein to be hanged in 30 days,0
UNHCR criticises Rwanda's and Burundi's decision to re-label refugees as illegal immigrants,0
Texas Judge Denies Charges of Misconduct,0
Space Shuttle Discovery launches on mission STS-124,0
"Car crashes into house in Suffolk, UK, seriously injuring man",0
Southern Ocean whale slaughter to resume,0
US energy department reveals world's fastest computer,0
University's lion mascot out like a lamb after DUI,0
Briton to fly hang glider across the UK,0
US to reduce nuclear weapons arsenal,0
Third day of 'King Taksin operation' sees Bangkok airport closed,0
Talks held to avert Nigerian oil production strike,0
Torchwood star John Barrowman in high speed crash,0
"To Bahais in U.S., Iranian Crackdown Is Nothing New",0
Canadian still faces public beheading in Saudi Arabia,0
Transport and telecommunications struggle amid confusion in London,0
Sanctions on US products introduced by Brazil,0
University of Wales to close down after 120 years,0
Iraqi vote remains in doubt,0
Court legalizes same-sex marriage in New Brunswick,0
EU warns France about auto rescue plan,0
Local community on Australian Sunshine Coast compromises with McDonald's,0
Australian activists break into Pine Gap spy facility,0
Canadian film academy explains lack of Genie nomination for Juno,0
Libyan government forces capture eastern town from rebels,0
Interview: cracked iPhone working in New Zealand,0
Prominent Iranian judge assassinated,0
"US offers to eliminate duties on Cotton, Africa says it's not enough",0
Gary Player Says Goodbye to Masters After  Last Round in Heaven,0
"$1,000 reward offered for answer from US President",0
Third Ashes test ends in a draw,0
India's Home Minister quits as first political fallout of Mumbai attacks,0
Obama announces troop reductions in Afghanistan,0
Ford Rejects Big Cuts in Dealer Network,0
"Maine, USA, Land Use Regulatory Commission approves reconstruction of camps on protected Allagash River",0
U.S. Helps Palestinians Build Force for Security,0
Airbus wins Qatar Airways order worth $15bn,0
Russian novelist Aleksandr Solzhenitsyn dies aged 89,0
"Hillary Clinton wins Pennsylvania, cuts Obama's lead",0
Afghani heroin shipment shot down in Tajikistan,0
Court in France convicts Scientology of organized fraud,0
Resolution on Obama Stirs Debate,0
Former Lebanese Prime Minister Amin al-Hafez dies at age 83,0
At least eight dead after bombings in Iraq,0
Soldiers question U.S. Defense Secretary on issues during Kuwait visit,0
"Medical School Says Ex-Army Surgeon, Hid Medtronic Ties",0
"Rapper Kanye West denounces Bush response, American media at hurricane relief telethon",0
Moldova's Prime Minister Vasile Tarlev resigns,0
Is This a Shakespeare Which I See Before Me?,0
"With Sanchez, Jets Add Some Charisma",0
Workers at JLG in France Use Threat to Win Severance Pay,0
Passengers rescued from stranded Antarctic cruise ship,0
Lebanon Chooses Saad Hariri as Premier,0
Iraqi Elections Face Crucial Test in Violent Mosul,0
"At American, 5-Foot-7 Derrick Mercer Plays Bigger",0
New England Patriots go 17-0,0
Iraqi parliament approves election law,0
Emaar Properties claims Burj Dubai as world's tallest building,0
Unreported tainted milk incident publicised in China,0
Stabilized forest fires in Greece intensify again 2 arrested,0
"When Figuring Travel Cost, Footnotes Add Up",0
2 Are Approved for Justice Dept.,0
A Polite Forum for a Careful Confession,0
2008 TICA highlights open source applications at Linux Forum & Expo,0
Virtual fence along US-Mexico border scrapped,0
Canadian Wal-Mart Store Wins Labor Agreement,0
"At a Tribute to His Legacy, Alex Rodriguez Faces His Flaws",0
Bomb blasts hit south Thailand market town Sungai Golok,0
"New Year’s Eve tornado slams northwest Arkansas, killing three",0
Tibetans Greet New Year in Opposition,0
Higher Prices for Popular Comic Books,0
Natural gas odor permeates New York and Jersey Cities,0
Jessica Watson becomes youngest solo sailor to sail the world,0
"Though Hobbled, North Carolina Gets by Virginia Tech",0
Relative of Afghan president Hamid Karzai shot dead by NATO troops,0
"Caloundra win Sunshine Coast, Australia cricket grand final",0
Brush fire gets close to animal park near San Diego,0
Half a million złoty vanish from the bank account of Lech Wałęsa,0
Tentative deal averts Ontario liquor stores strike,0
Possible eruption at Ruapehu Volcano in New Zealand,0
Haitian earthquake: in pictures,0
Alan Turing Building opens at University of Manchester,0
A Reality Check on Mortgage Modification,0
"To Rescue Captain, U.S. Snipers Held Steady Despite Many Moving Parts",0
Tom Menino wins historic fifth term as Mayor of Boston plus results from area cities,0
Tamil Tigers promise to fight back against Sri Lankan forces,0
Obama announces choice for Secretary of Housing,0
Iran says it's ready for standoff over nuclear activities,0
U.N. Council May Rebuke North Korea,0
A New Plan to Help Modify Second Mortgages,0
UK mobile provider begins TV-on-phone trial,0
Little Rock Nine member Jefferson Thomas dies aged 67,0
Obama cabinet nominees withdraw over tax issues,0
"In Iran, Khatami Loses a Key Backer",0
At least nine dead after Indonesian ferry burns and sinks,0
Boeing and Airbus Prepare (Again) for Tanker Battle,0
NCAA Basketball: University of Connecticut cited for eight major rules violations,0
Microsoft to release patches for 64 security flaws on Tuesday,0
Rick Astley releases deluxe editions of his first two albums prepares 2010 tour,0
Banking Plan Propels Wall St. to Best Day in Months,0
Utility Rejects Requests as It Buys Land Tainted by Coal-Ash Spill,0
"Group claims Fred Thompson lobbied for abortion-rights, Thompson denies",0
Taiwan's cabinet resigns,0
Services Make It Easier to Buy via Cellphone,0
40 injured after attacks in Thailand,0
Budget Crisis in California Could Claim Landmarks,0
Rice angry after abuse of aides in Sudan,0
Rugby Union: Ballymore Cup North Queensland carnival,0
McDonald's restaurant to close all locations in Iceland,0
Microsoft offers to pay blogger to 'correct' Wikipedia article,0
St. Michael and Rice Win Class AA Titles,0
"Sarkozy says burqa is ""not welcome"" in France",0
Congressional Hispanic Caucus blocks vote to increase visa number,0
US Secret Service discovers third uninvited guest at White House dinner,0
Three new dinosaurs discovered in Australia,0
Corruption blamed for Papuan rainforest destruction,0
Scotland's Dario Franchitti wins Indianapolis 500,0
Scientists recreating the 1918 flu virus say 'it came from birds',0
Aide to Stanford May Shift Plea to  Guilty,0
British military secrets leaked on social networking sites,0
Bainimarama sworn in as Fiji caretaker PM,0
Iran's Supreme Leader wants religious army,0
Albanian girl murdered in tangle of crime,0
Pentagon unable to explain 'mystery missile' video,0
Blair: G8 leaders announce $50 billion aid increase talks on trade and climate change,0
"To Make Female Hearts Flutter in Iraq, Throw a Shoe",0
"British Liberal Democrat Patsy Calton, 56, dies of cancer",0
Drone smartphone app to help heart attack victims in remote areas announced,0
"Netanyahu Urges Pope Benedict, in Israel, to Denounce Iran",0
Computer Makers Prepare to Stake Bigger Claim in Phones,0
